month,region,chlorophyll_a,phytoplankton_carbon,primary_productivity,dissolved_oxygen,ph,pco2_surface,nitrate,phosphate,silicate,iron
2020-01,Swatch_of_No_Ground,0.3110015094280243,1.4551112651824951,10.663159370422363,164.55377197265625,8.001374244689941,27.25515365600586,4.794982433319092,0.5461772084236145,8.434707641601562,0.0016320835566148162
2020-02,Swatch_of_No_Ground,0.32387328147888184,1.4775699377059937,10.86835765838623,162.69070434570312,7.991304874420166,29.913583755493164,2.9233343601226807,0.5473574995994568,7.4556989669799805,0.0014227498322725296
2020-03,Swatch_of_No_Ground,0.2904558777809143,1.517040491104126,9.058959007263184,167.54843139648438,7.982260704040527,34.45176315307617,2.7593133449554443,0.4816521406173706,7.26472806930542,0.0013984579127281904
2020-04,Swatch_of_No_Ground,0.3495551347732544,1.5259430408477783,17.171934127807617,159.14199829101562,7.949444770812988,40.03410720825195,1.1658738851547241,0.5206288695335388,6.438866138458252,0.0015346886357292533
2020-05,Swatch_of_No_Ground,0.4099675416946411,1.796635627746582,24.50992774963379,168.14804077148438,7.959967136383057,40.068336486816406,1.4985946416854858,0.42717814445495605,6.500950813293457,0.0016433001728728414
2020-06,Swatch_of_No_Ground,0.47159504890441895,2.120983362197876,24.5733585357666,183.0384521484375,7.997029781341553,36.4764518737793,4.4546732902526855,0.23562081158161163,6.629715919494629,0.0024229777045547962
2020-07,Swatch_of_No_Ground,0.6778002381324768,2.83998441696167,38.746002197265625,178.6372528076172,8.008125305175781,30.309917449951172,8.420713424682617,0.27799537777900696,9.135568618774414,0.002734126290306449
2020-08,Swatch_of_No_Ground,0.9623143076896667,3.6227593421936035,46.195926666259766,178.8024444580078,8.010165214538574,27.4841251373291,10.677421569824219,0.30178457498550415,12.488386154174805,0.0028857795987278223
2020-09,Swatch_of_No_Ground,0.7673609852790833,3.3729424476623535,41.316444396972656,184.49075317382812,8.021409034729004,24.50822639465332,12.596755027770996,0.29361701011657715,10.32988166809082,0.0029021466616541147
2020-10,Swatch_of_No_Ground,0.591741144657135,2.617908477783203,21.636383056640625,178.06700134277344,7.994194984436035,31.00565528869629,7.895272254943848,0.29021456837654114,14.680298805236816,0.002452157437801361
2020-11,Swatch_of_No_Ground,0.32562127709388733,1.7056913375854492,10.240379333496094,183.22792053222656,7.998836517333984,34.62432098388672,3.805159091949463,0.23085471987724304,12.808701515197754,0.002170960186049342
2020-12,Swatch_of_No_Ground,0.3382548689842224,1.7331141233444214,10.751016616821289,189.23849487304688,8.023663520812988,31.214427947998047,4.9728803634643555,0.22550396621227264,17.52870750427246,0.0019372178940102458
2021-01,Swatch_of_No_Ground,0.30061015486717224,1.530194878578186,9.947209358215332,190.57525634765625,8.035451889038086,30.737064361572266,4.825233459472656,0.2442580610513687,15.27211856842041,0.0016098091145977378
2021-02,Swatch_of_No_Ground,0.26436105370521545,1.5152593851089478,8.096562385559082,189.65916442871094,8.036237716674805,31.418025970458984,4.031067848205566,0.2550380229949951,12.170306205749512,0.001508822082541883
2021-03,Swatch_of_No_Ground,0.23385705053806305,1.483337640762329,7.530149459838867,183.46539306640625,8.00794506072998,34.41213607788086,3.094129800796509,0.2914353907108307,8.07409954071045,0.0018690656870603561
2021-04,Swatch_of_No_Ground,0.2094195932149887,1.4640552997589111,6.783547401428223,188.30532836914062,8.0033540725708,38.170413970947266,2.327733039855957,0.20568598806858063,6.151333808898926,0.0019186920253559947
2021-05,Swatch_of_No_Ground,0.23244410753250122,1.4669232368469238,9.048935890197754,186.58285522460938,7.99514627456665,40.162933349609375,1.8051254749298096,0.18328829109668732,5.9674072265625,0.0019651695620268583
2021-06,Swatch_of_No_Ground,0.628625214099884,2.671586275100708,25.430583953857422,193.75588989257812,8.017391204833984,35.7596321105957,5.044034481048584,0.12753742933273315,8.060112953186035,0.0026646130718290806
2021-07,Swatch_of_No_Ground,0.8543827533721924,3.3185794353485107,36.9836311340332,191.1934356689453,8.019532203674316,32.311275482177734,6.439748287200928,0.1727178543806076,10.589475631713867,0.002765476703643799
2021-08,Swatch_of_No_Ground,0.7615101933479309,3.139356851577759,43.128299713134766,190.69281005859375,8.038349151611328,23.699642181396484,7.693620204925537,0.2164796143770218,11.066808700561523,0.0025566567201167345
2021-09,Swatch_of_No_Ground,0.7893141508102417,3.193971633911133,35.826385498046875,183.17892456054688,8.015332221984863,27.980215072631836,11.285103797912598,0.2662138342857361,17.62682342529297,0.002764942590147257
2021-10,Swatch_of_No_Ground,0.6142464280128479,2.684586524963379,22.400964736938477,186.79539489746094,8.012312889099121,28.8360538482666,8.639824867248535,0.22613884508609772,19.029438018798828,0.0024563989136368036
2021-11,Swatch_of_No_Ground,0.3612014949321747,1.8900903463363647,12.645126342773438,189.1113739013672,8.015666961669922,31.47894287109375,7.607583522796631,0.18458855152130127,24.622676849365234,0.002268989570438862
2021-12,Swatch_of_No_Ground,0.2785847783088684,1.5135581493377686,8.468242645263672,192.62283325195312,8.022368431091309,33.404747009277344,5.753903865814209,0.17726276814937592,20.203205108642578,0.002068176167085767
2022-01,Swatch_of_No_Ground,0.28293782472610474,1.4544111490249634,9.538609504699707,189.22564697265625,8.03552532196045,31.944406509399414,3.3516845703125,0.24441039562225342,11.559527397155762,0.001516668708063662
2022-02,Swatch_of_No_Ground,0.28244176506996155,1.4185400009155273,11.271931648254395,184.967041015625,8.025755882263184,31.32470703125,2.0867745876312256,0.3154103457927704,7.605144500732422,0.001451038639061153
2022-03,Swatch_of_No_Ground,0.24884255230426788,1.4947996139526367,8.763434410095215,191.0677032470703,8.020830154418945,33.417396545410156,2.6122472286224365,0.24913159012794495,7.043808460235596,0.0018585185753181577
2022-04,Swatch_of_No_Ground,0.22082774341106415,1.3536818027496338,8.38858699798584,188.6112060546875,8.007672309875488,37.966575622558594,1.5582040548324585,0.2028559148311615,6.143608093261719,0.0019945374224334955
2022-05,Swatch_of_No_Ground,0.2658351957798004,1.5886718034744263,11.257646560668945,191.63900756835938,8.004350662231445,39.79334259033203,1.9456995725631714,0.14735643565654755,6.258360862731934,0.002052417490631342
2022-06,Swatch_of_No_Ground,0.26736289262771606,1.5158647298812866,12.194859504699707,190.02537536621094,8.003663063049316,38.005592346191406,3.4438958168029785,0.15738125145435333,8.090779304504395,0.0025146459229290485
2022-07,Swatch_of_No_Ground,0.6836528182029724,3.045104503631592,32.86872482299805,189.8171844482422,8.009472846984863,32.80797576904297,6.293854713439941,0.19636806845664978,11.435588836669922,0.0028026450891047716
2022-08,Swatch_of_No_Ground,0.9609286189079285,3.8866100311279297,43.79836654663086,191.65188598632812,8.015108108520508,29.227497100830078,8.845465660095215,0.2099093794822693,14.238948822021484,0.003145514754578471
2022-09,Swatch_of_No_Ground,0.7584694623947144,3.278970241546631,38.62642288208008,190.19686889648438,8.015945434570312,28.946609497070312,8.281578063964844,0.21645064651966095,13.633511543273926,0.0031206654384732246
2022-10,Swatch_of_No_Ground,0.5612353682518005,2.5689051151275635,21.028635025024414,185.23825073242188,7.999261379241943,32.016815185546875,6.14316987991333,0.21281160414218903,18.366674423217773,0.0025471567641943693
2022-11,Swatch_of_No_Ground,0.4095092713832855,2.0775516033172607,13.366512298583984,185.83937072753906,8.012024879455566,31.004413604736328,6.867002010345459,0.22360415756702423,20.31148910522461,0.002135594142600894
2022-12,Swatch_of_No_Ground,0.2648703157901764,1.495042324066162,10.05292797088623,193.99203491210938,8.030953407287598,31.327051162719727,6.480872631072998,0.17117257416248322,19.281251907348633,0.001854075351729989
2023-01,Swatch_of_No_Ground,0.24511724710464478,1.4126123189926147,8.786821365356445,194.66796875,8.035745620727539,31.82687759399414,4.560319900512695,0.18574947118759155,13.267592430114746,0.0016334836836904287
2023-02,Swatch_of_No_Ground,0.2590748965740204,1.5029070377349854,9.003055572509766,188.06314086914062,8.027979850769043,30.73860740661621,4.466567039489746,0.27017951011657715,10.375874519348145,0.0018526689382269979
2023-03,Swatch_of_No_Ground,0.22973476350307465,1.471421480178833,7.742423057556152,185.90174865722656,8.010021209716797,34.74360656738281,3.2138938903808594,0.2664548456668854,7.29985237121582,0.0016030124388635159
2023-04,Swatch_of_No_Ground,0.20979054272174835,1.3601503372192383,7.225012302398682,175.9106903076172,7.975013732910156,39.84735107421875,2.001121997833252,0.3300669193267822,5.929065227508545,0.0015836958773434162
2023-05,Swatch_of_No_Ground,0.2339513599872589,1.3601465225219727,10.963407516479492,181.98843383789062,7.981726169586182,40.85275650024414,1.7141262292861938,0.23678559064865112,5.377401828765869,0.001732483389787376
2023-06,Swatch_of_No_Ground,0.36851605772972107,1.8936561346054077,18.88450050354004,184.88995361328125,7.9893364906311035,38.40681076049805,4.037241458892822,0.21379269659519196,6.643978118896484,0.0024063712917268276
2023-07,Swatch_of_No_Ground,0.8580778241157532,3.616483688354492,47.76939392089844,183.18051147460938,8.005725860595703,30.61582374572754,11.64568042755127,0.27442666888237,12.139704704284668,0.0033790625166147947
2023-08,Swatch_of_No_Ground,1.0123430490493774,4.00482702255249,52.206085205078125,178.989501953125,8.009260177612305,24.493608474731445,9.109452247619629,0.31884855031967163,13.812746047973633,0.003026875201612711
2023-09,Swatch_of_No_Ground,0.9292439222335815,3.8050389289855957,49.189666748046875,171.8524169921875,7.992880821228027,26.30612564086914,12.6260347366333,0.402737021446228,17.869098663330078,0.0030726941768079996
2023-10,Swatch_of_No_Ground,0.795872151851654,3.236161947250366,38.04793930053711,167.17774963378906,7.994148254394531,22.927860260009766,12.698457717895508,0.48436594009399414,16.99829864501953,0.002541645895689726
2023-11,Swatch_of_No_Ground,0.40545350313186646,1.9414011240005493,16.054044723510742,170.53289794921875,7.988054275512695,28.928241729736328,10.6026029586792,0.47144758701324463,16.07756805419922,0.0017825752729550004
2023-12,Swatch_of_No_Ground,0.36519235372543335,1.7144156694412231,12.61289119720459,164.63331604003906,7.988613605499268,27.489177703857422,7.8502397537231445,0.5466103553771973,13.682658195495605,0.0017683615442365408
2024-01,Swatch_of_No_Ground,0.314552903175354,1.5479484796524048,9.632284164428711,165.62059020996094,7.998523712158203,27.98185157775879,7.017838001251221,0.5507979393005371,12.558098793029785,0.001608890132047236
2024-02,Swatch_of_No_Ground,0.30260610580444336,1.5277923345565796,9.46391487121582,164.20248413085938,7.986104488372803,30.946300506591797,5.383551597595215,0.5573078989982605,12.806151390075684,0.0014757508179172873
2024-03,Swatch_of_No_Ground,0.3112797141075134,1.4732755422592163,12.449162483215332,156.6856689453125,7.951552867889404,36.64324188232422,1.613173484802246,0.5668522715568542,7.8323750495910645,0.0016063067596405745
2024-04,Swatch_of_No_Ground,0.29894593358039856,1.5106837749481201,13.538640975952148,154.2771759033203,7.929304599761963,42.328433990478516,0.9658907651901245,0.5823721885681152,7.796113014221191,0.0017374074086546898
2024-05,Swatch_of_No_Ground,0.3544349670410156,1.6777279376983643,18.080509185791016,157.468505859375,7.917530536651611,46.25239181518555,0.8510196805000305,0.5963754057884216,9.012435913085938,0.0016228370368480682
2024-06,Swatch_of_No_Ground,0.430812269449234,2.0200393199920654,25.438182830810547,178.3142547607422,7.9723219871521,39.35308837890625,1.9619859457015991,0.2589086890220642,7.49675989151001,0.002027172362431884
2024-07,Swatch_of_No_Ground,0.858718752861023,3.354724645614624,43.66286087036133,178.89990234375,7.995085716247559,32.01604461669922,8.49467658996582,0.2827894687652588,10.707352638244629,0.0028777127154171467
2024-08,Swatch_of_No_Ground,0.9121643900871277,3.5789072513580322,43.433631896972656,174.8419952392578,8.0050630569458,23.71159553527832,6.773163795471191,0.3582247495651245,11.535112380981445,0.0025380111765116453
2024-09,Swatch_of_No_Ground,0.9550603628158569,3.6903233528137207,44.619911193847656,177.85391235351562,7.994595527648926,27.787059783935547,11.012882232666016,0.3555441200733185,14.556012153625488,0.0028445878997445107
2024-10,Swatch_of_No_Ground,0.6240934133529663,2.8246407508850098,27.346153259277344,181.5191192626953,7.996236801147461,27.817272186279297,8.6448392868042,0.30213257670402527,17.362932205200195,0.0026384477969259024
2024-11,Swatch_of_No_Ground,0.3480742275714874,1.7753570079803467,12.123260498046875,182.40306091308594,7.995534896850586,33.282142639160156,3.6092026233673096,0.23765912652015686,13.272501945495605,0.0018902592128142715
2024-12,Swatch_of_No_Ground,0.3214612901210785,1.6210836172103882,11.744712829589844,190.82508850097656,8.023733139038086,31.543445587158203,5.629023551940918,0.1989881843328476,19.97237777709961,0.001870546955615282
2025-01,Swatch_of_No_Ground,0.29664939641952515,1.4621347188949585,11.536300659179688,190.32192993164062,8.030721664428711,32.131778717041016,3.6034536361694336,0.2193412035703659,12.323210716247559,0.0015537963481619954
2025-02,Swatch_of_No_Ground,0.2765669822692871,1.453749418258667,10.541497230529785,192.99581909179688,8.029775619506836,33.036075592041016,2.6594080924987793,0.2126988172531128,7.267645835876465,0.0014261226169764996
2025-03,Swatch_of_No_Ground,0.2270834892988205,1.5193251371383667,7.27742862701416,189.1592559814453,8.006731033325195,35.844215393066406,2.81927227973938,0.24077029526233673,7.174535274505615,0.0017663204343989491
2025-04,Swatch_of_No_Ground,0.18901360034942627,1.4156047105789185,5.921638011932373,189.33364868164062,7.996992111206055,39.57373809814453,1.5660737752914429,0.19499807059764862,5.288496971130371,0.0016731926007196307
2025-05,Swatch_of_No_Ground,0.24362562596797943,1.4600844383239746,9.878211975097656,191.09405517578125,7.9955339431762695,40.55117416381836,1.899601936340332,0.14788439869880676,6.33021879196167,0.002099204109981656
2025-06,Swatch_of_No_Ground,0.4763757884502411,2.2224464416503906,18.304948806762695,196.5863037109375,8.011780738830566,37.120704650878906,4.960700511932373,0.10999111086130142,9.551488876342773,0.002501885639503598
2025-07,Swatch_of_No_Ground,1.0097798109054565,4.050329685211182,46.34707260131836,194.99539184570312,8.02175235748291,30.17104721069336,9.939255714416504,0.1785239726305008,11.449258804321289,0.0033101795706897974
2025-08,Swatch_of_No_Ground,0.9525529742240906,3.9259636402130127,48.391395568847656,196.2474365234375,8.028379440307617,28.327350616455078,7.131407260894775,0.14463931322097778,9.921175956726074,0.0031427033245563507
2025-09,Swatch_of_No_Ground,0.797469437122345,3.557107925415039,39.09092712402344,197.96246337890625,8.029372215270996,26.772409439086914,9.521376609802246,0.15346689522266388,11.247827529907227,0.00313799106515944
2025-10,Swatch_of_No_Ground,0.6771846413612366,3.055866003036499,27.53644561767578,189.540771484375,8.007761001586914,30.02288246154785,9.203987121582031,0.21101389825344086,15.603044509887695,0.00280157383531332
2025-11,Swatch_of_No_Ground,0.33817705512046814,1.9046627283096313,12.548285484313965,193.13185119628906,8.011470794677734,32.07175827026367,7.398740768432617,0.15173381567001343,21.231164932250977,0.0025030961260199547
2025-12,Swatch_of_No_Ground,0.25524505972862244,1.5290838479995728,8.240700721740723,193.01031494140625,8.01992416381836,34.036399841308594,3.666407823562622,0.18347276747226715,12.131577491760254,0.0018768582958728075
2026-01,Swatch_of_No_Ground,0.3063966929912567,1.5227749347686768,11.536643981933594,193.3401336669922,8.04360294342041,30.66998863220215,4.149025917053223,0.23040251433849335,12.569095611572266,0.0014701116597279906
2026-02,Swatch_of_No_Ground,0.26951074600219727,1.52808678150177,9.0230712890625,193.29183959960938,8.037144660949707,31.022497177124023,4.333714962005615,0.25833404064178467,10.2909574508667,0.001642186543904245
2026-03,Swatch_of_No_Ground,0.2256602942943573,1.4482942819595337,7.269762992858887,192.7122344970703,8.020489692687988,34.22069549560547,3.1313133239746094,0.23070380091667175,7.479528903961182,0.001983755500987172
2026-04,Swatch_of_No_Ground,0.22334060072898865,1.3327927589416504,9.138246536254883,182.74652099609375,7.989462375640869,39.79601287841797,1.0738985538482666,0.25492435693740845,4.729619026184082,0.0016328527126461267
2020-01,Middle_Ground,0.521573007106781,2.3223164081573486,22.229248046875,189.8512725830078,8.049084663391113,26.926433563232422,5.668622970581055,0.32735827565193176,8.380243301391602,0.002124626422300935
2020-02,Middle_Ground,0.42710044980049133,1.8446224927902222,23.42464828491211,183.3457794189453,8.032593727111816,29.087865829467773,3.5709481239318848,0.36568835377693176,6.663226127624512,0.0018771759932860732
2020-03,Middle_Ground,0.41813212633132935,1.9055721759796143,26.26210594177246,182.551025390625,8.010147094726562,33.758216857910156,2.8222694396972656,0.34967049956321716,6.338619232177734,0.0022000314202159643
2020-04,Middle_Ground,0.4317283630371094,1.7826592922210693,33.94883728027344,176.40771484375,7.978113651275635,40.0012321472168,1.5292168855667114,0.36170998215675354,6.027596473693848,0.0022523943334817886
2020-05,Middle_Ground,0.5326510071754456,2.3085379600524902,39.99842071533203,188.44483947753906,7.987992286682129,40.65311050415039,2.1985809803009033,0.24776418507099152,5.822629451751709,0.002299634972587228
2020-06,Middle_Ground,0.9133339524269104,3.8042728900909424,46.48332977294922,200.24755859375,8.020322799682617,38.387779235839844,6.542547702789307,0.09272702038288116,6.8146586418151855,0.003261932637542486
2020-07,Middle_Ground,1.2886631488800049,5.042385578155518,72.16685485839844,202.0626983642578,8.039156913757324,33.73613357543945,15.428458213806152,0.13538382947444916,11.247932434082031,0.004617958329617977
2020-08,Middle_Ground,1.136588215827942,4.140407085418701,55.810089111328125,196.73341369628906,8.028359413146973,34.04575729370117,10.71377182006836,0.15274061262607574,13.462782859802246,0.003640448208898306
2020-09,Middle_Ground,1.1736139059066772,4.442591667175293,58.62795639038086,200.15121459960938,8.032257080078125,34.23712921142578,17.722021102905273,0.17778192460536957,16.55571174621582,0.0037976782768964767
2020-10,Middle_Ground,0.7875125408172607,3.0660905838012695,29.879892349243164,192.49058532714844,8.010465621948242,35.86467742919922,6.8089213371276855,0.12881706655025482,18.871034622192383,0.0028253127820789814
2020-11,Middle_Ground,0.7307264804840088,2.9884109497070312,25.39297866821289,199.55557250976562,8.030010223388672,33.29389572143555,7.850482940673828,0.08984524756669998,21.13648796081543,0.002888314425945282
2020-12,Middle_Ground,0.6344161629676819,2.90993332862854,21.94106674194336,206.9141387939453,8.059697151184082,30.382442474365234,8.278944969177246,0.09551265835762024,19.945913314819336,0.0026062519755214453
2021-01,Middle_Ground,0.4961991012096405,2.3501062393188477,18.239046096801758,210.34356689453125,8.072739601135254,30.2658748626709,6.302411079406738,0.08986253291368484,16.820056915283203,0.002116444520652294
2021-02,Middle_Ground,0.48883262276649475,2.40667986869812,17.77549171447754,211.27452087402344,8.07683277130127,30.720016479492188,5.194097518920898,0.09739367663860321,12.750470161437988,0.0020583881996572018
2021-03,Middle_Ground,0.455427885055542,2.3299107551574707,18.680810928344727,204.87181091308594,8.04590892791748,34.17401885986328,3.6716716289520264,0.12016752362251282,9.212414741516113,0.00261648278683424
2021-04,Middle_Ground,0.4134818911552429,2.3433678150177,20.266616821289062,204.14927673339844,8.026968955993652,37.944114685058594,3.6185965538024902,0.08469528704881668,6.991402626037598,0.0027506393380463123
2021-05,Middle_Ground,0.47573092579841614,2.376004934310913,30.346858978271484,202.95787048339844,8.013935089111328,40.835819244384766,2.9658889770507812,0.06854385882616043,6.756493091583252,0.0027276799082756042
2021-06,Middle_Ground,0.9110954403877258,3.584007501602173,43.36232376098633,203.5789337158203,8.028916358947754,37.847389221191406,6.8044304847717285,0.051042746752500534,9.111942291259766,0.0032520184759050608
2021-07,Middle_Ground,1.2926243543624878,4.587764263153076,58.3039436340332,200.97300720214844,8.031647682189941,36.78572082519531,9.880758285522461,0.09593772888183594,13.20987606048584,0.003606874728575349
2021-08,Middle_Ground,1.4514039754867554,5.464293003082275,79.81697845458984,202.89559936523438,8.05222225189209,31.474811553955078,22.3691463470459,0.18562954664230347,17.617197036743164,0.004494371358305216
2021-09,Middle_Ground,1.167985200881958,4.321669578552246,50.88505935668945,197.1260223388672,8.02802562713623,34.486690521240234,12.572491645812988,0.14189742505550385,21.9451847076416,0.003589720232412219
2021-10,Middle_Ground,1.208678126335144,4.50251579284668,51.1877326965332,199.28475952148438,8.032713890075684,30.26862144470215,15.015302658081055,0.1549098938703537,34.365692138671875,0.0032543602865189314
2021-11,Middle_Ground,0.9733863472938538,3.7913177013397217,35.625816345214844,197.55319213867188,8.052734375,27.91720199584961,15.218034744262695,0.12776397168636322,36.794189453125,0.002668477362021804
2021-12,Middle_Ground,0.7713966965675354,3.1143722534179688,24.277420043945312,202.9337615966797,8.057945251464844,30.262218475341797,11.64145278930664,0.11067145317792892,27.85344696044922,0.0026174846570938826
2022-01,Middle_Ground,0.5770983695983887,2.563946485519409,18.482637405395508,210.31790161132812,8.075357437133789,30.25528907775879,6.989927768707275,0.0900426059961319,15.278228759765625,0.002189704217016697
2022-02,Middle_Ground,0.5329879522323608,2.493204116821289,18.54766082763672,206.3690643310547,8.071349143981934,30.997135162353516,3.7507903575897217,0.13531586527824402,8.759369850158691,0.0019276882521808147
2022-03,Middle_Ground,0.44843345880508423,2.338452100753784,18.25593376159668,208.8990936279297,8.054007530212402,33.6283073425293,3.235630989074707,0.1019391119480133,7.742038249969482,0.002485470147803426
2022-04,Middle_Ground,0.37027326226234436,1.988842248916626,19.931049346923828,205.2091827392578,8.030755996704102,37.991661071777344,2.962318181991577,0.07563195377588272,7.524816989898682,0.0028577852062880993
2022-05,Middle_Ground,0.35980257391929626,1.9882208108901978,18.994831085205078,202.2687225341797,8.01597785949707,40.71061325073242,2.4270613193511963,0.0580243356525898,7.140625476837158,0.002330845920369029
2022-06,Middle_Ground,0.890059769153595,3.71490478515625,49.4001579284668,203.638916015625,8.02186393737793,38.1395149230957,10.853840827941895,0.09552351385354996,11.323402404785156,0.0039663370698690414
2022-07,Middle_Ground,0.9165336489677429,3.6742842197418213,46.173988342285156,201.03089904785156,8.0162353515625,39.299110412597656,9.049511909484863,0.10288763791322708,15.817756652832031,0.003507085843011737
2022-08,Middle_Ground,1.0598212480545044,4.107473373413086,50.8624267578125,204.64401245117188,8.026237487792969,36.99303436279297,8.489543914794922,0.08025044202804565,15.024070739746094,0.0038107659202069044
2022-09,Middle_Ground,1.1116459369659424,4.245772838592529,57.5999641418457,201.87353515625,8.024572372436523,35.42478942871094,12.95083999633789,0.13783253729343414,22.2954044342041,0.0040614721365273
2022-10,Middle_Ground,1.148168921470642,4.242061614990234,46.415611267089844,196.8531036376953,8.023332595825195,32.017120361328125,11.961297035217285,0.143130823969841,35.799110412597656,0.002908427733927965
2022-11,Middle_Ground,0.8720770478248596,3.56937313079834,33.58189392089844,202.73484802246094,8.052931785583496,29.337696075439453,13.965679168701172,0.09521637856960297,30.01041030883789,0.0027568116784095764
2022-12,Middle_Ground,0.6664906740188599,2.9226410388946533,23.588237762451172,207.63534545898438,8.065152168273926,29.78548240661621,11.411364555358887,0.07968951016664505,23.627138137817383,0.002483110409229994
2023-01,Middle_Ground,0.49205639958381653,2.3766355514526367,18.348697662353516,210.69276428222656,8.072461128234863,30.63543701171875,7.626273155212402,0.07000888139009476,16.600332260131836,0.0021442498546093702
2023-02,Middle_Ground,0.4581526815891266,2.339695930480957,17.48806381225586,209.1607666015625,8.065767288208008,30.638092041015625,5.0865583419799805,0.10352174937725067,11.82695198059082,0.0024635163135826588
2023-03,Middle_Ground,0.4196486175060272,2.2493014335632324,17.05719757080078,206.587646484375,8.045722961425781,34.032981872558594,3.9233574867248535,0.09801148623228073,8.237849235534668,0.0024429908953607082
2023-04,Middle_Ground,0.41536933183670044,2.1397786140441895,24.58182144165039,197.53758239746094,8.009221076965332,39.472930908203125,2.6598708629608154,0.14116208255290985,6.206028938293457,0.002550431527197361
2023-05,Middle_Ground,0.43112248182296753,2.1813058853149414,26.597877502441406,197.46566772460938,8.002881050109863,41.42509841918945,3.0417377948760986,0.11652611941099167,6.04691219329834,0.002629362978041172
2023-06,Middle_Ground,0.8105692267417908,3.337503433227539,50.2788200378418,199.8193817138672,8.006088256835938,40.35563278198242,7.240065574645996,0.1238122433423996,8.224526405334473,0.0036701192148029804
2023-07,Middle_Ground,0.8100224733352661,3.4327163696289062,45.464847564697266,198.0547332763672,8.018067359924316,38.02082061767578,7.5349016189575195,0.10930830985307693,11.183659553527832,0.0038242440205067396
2023-08,Middle_Ground,1.6315933465957642,5.76960563659668,82.22386932373047,200.05361938476562,8.025898933410645,34.846927642822266,14.19379997253418,0.1737799048423767,14.150453567504883,0.0046112146228551865
2023-09,Middle_Ground,1.254751205444336,4.725053310394287,59.859893798828125,189.88050842285156,8.010544776916504,33.72958755493164,11.846480369567871,0.2214793562889099,20.820161819458008,0.0038007127586752176
2023-10,Middle_Ground,1.2568984031677246,4.753403663635254,58.248722076416016,187.30032348632812,8.012619018554688,31.17898941040039,19.542560577392578,0.30282092094421387,29.046602249145508,0.00379908992908895
2023-11,Middle_Ground,0.9918327927589417,3.86592173576355,40.1835823059082,187.62796020507812,8.035333633422852,27.150775909423828,17.317237854003906,0.3021581470966339,27.114036560058594,0.00267079402692616
2023-12,Middle_Ground,0.7416423559188843,3.114210844039917,24.289426803588867,189.9296417236328,8.040968894958496,26.94943618774414,12.11307430267334,0.30228757858276367,17.39188003540039,0.0023449661675840616
2024-01,Middle_Ground,0.6288884282112122,2.7826409339904785,21.50289535522461,188.73426818847656,8.044334411621094,26.675167083740234,8.361875534057617,0.3416000306606293,12.716609001159668,0.0021641640923917294
2024-02,Middle_Ground,0.5144465565681458,2.2943689823150635,22.17298698425293,185.22674560546875,8.027486801147461,29.711566925048828,6.003926753997803,0.3674529194831848,11.714787483215332,0.001959932269528508
2024-03,Middle_Ground,0.4793013632297516,2.055617094039917,24.817663192749023,176.3900909423828,7.987194061279297,35.37067413330078,2.4018900394439697,0.397447794675827,7.823585033416748,0.0022037108428776264
2024-04,Middle_Ground,0.5013552904129028,2.1197900772094727,32.54742431640625,172.41830444335938,7.95878791809082,41.25188446044922,1.7519453763961792,0.3987349569797516,8.035224914550781,0.0025865400675684214
2024-05,Middle_Ground,0.584319531917572,2.3334455490112305,42.859371185302734,175.88714599609375,7.9499030113220215,44.68809127807617,1.8192449808120728,0.37123122811317444,8.307217597961426,0.002579431515187025
2024-06,Middle_Ground,0.7690838575363159,3.2879953384399414,48.58115768432617,194.39356994628906,7.997835636138916,40.56154251098633,4.602789878845215,0.11343531310558319,7.1585822105407715,0.003060084069147706
2024-07,Middle_Ground,1.2479195594787598,4.545889377593994,60.88804626464844,194.9395751953125,8.018526077270508,36.207237243652344,10.522987365722656,0.1301502138376236,12.730424880981445,0.00385437929071486
2024-08,Middle_Ground,1.6292088031768799,5.678548812866211,78.19384002685547,194.80239868164062,8.028273582458496,30.985280990600586,13.978388786315918,0.22093719244003296,16.013362884521484,0.004404657054692507
2024-09,Middle_Ground,1.4335418939590454,5.039097785949707,58.29323959350586,193.6134796142578,8.013113975524902,34.075096130371094,12.751145362854004,0.20775407552719116,21.101871490478516,0.0036321794614195824
2024-10,Middle_Ground,1.1414594650268555,4.316479682922363,48.1317024230957,196.79660034179688,8.018779754638672,31.332950592041016,11.988696098327637,0.17198342084884644,29.184764862060547,0.003158844541758299
2024-11,Middle_Ground,0.8286135792732239,3.287536859512329,29.578502655029297,199.1167755126953,8.034337043762207,30.435623168945312,9.000017166137695,0.10410360991954803,30.966686248779297,0.0024187800008803606
2024-12,Middle_Ground,0.7462835907936096,3.025524377822876,24.630142211914062,203.6016082763672,8.062978744506836,28.87466812133789,10.29666519165039,0.10112672299146652,28.507484436035156,0.0023178337141871452
2025-01,Middle_Ground,0.6225759983062744,2.7569124698638916,19.888139724731445,208.11825561523438,8.064544677734375,30.13094711303711,7.315985202789307,0.10316967219114304,16.2428035736084,0.0022962584625929594
2025-02,Middle_Ground,0.49946096539497375,2.4502463340759277,16.4456729888916,209.54014587402344,8.057443618774414,33.277442932128906,5.11209774017334,0.09114693105220795,10.950860977172852,0.001931743579916656
2025-03,Middle_Ground,0.42653632164001465,2.308253288269043,17.180770874023438,206.9869384765625,8.03784465789795,35.48108673095703,3.6953377723693848,0.09319687634706497,9.038994789123535,0.002620457671582699
2025-04,Middle_Ground,0.36557725071907043,1.9704086780548096,19.46045684814453,203.96022033691406,8.017117500305176,39.65132141113281,3.084354877471924,0.08094392716884613,7.615252494812012,0.0025150661822408438
2025-05,Middle_Ground,0.42268067598342896,2.262653112411499,22.664833068847656,202.59527587890625,8.008345603942871,41.55143737792969,4.450531482696533,0.0639948919415474,8.051481246948242,0.002654399024322629
2025-06,Middle_Ground,0.9158728122711182,3.56522798538208,41.437095642089844,204.74623107910156,8.02299976348877,38.67688751220703,6.679790496826172,0.0353081151843071,11.688858032226562,0.0033178001176565886
2025-07,Middle_Ground,1.2127636671066284,4.483875274658203,54.814361572265625,204.08575439453125,8.027844429016113,37.220428466796875,8.19072437286377,0.06914911419153214,14.01668930053711,0.003960335627198219
2025-08,Middle_Ground,1.192964792251587,4.501523494720459,58.34598922729492,204.75259399414062,8.03530502319336,35.375831604003906,9.606210708618164,0.07016298174858093,13.297585487365723,0.0039204382337629795
2025-09,Middle_Ground,1.131243109703064,4.294488906860352,54.10570526123047,204.4575653076172,8.03215503692627,35.248573303222656,10.29476547241211,0.0843489021062851,19.662036895751953,0.0035365696530789137
2025-10,Middle_Ground,1.0768829584121704,4.121260643005371,45.06108093261719,201.65951538085938,8.019187927246094,33.42768478393555,10.323785781860352,0.09362341463565826,28.549161911010742,0.0031491126865148544
2025-11,Middle_Ground,0.9107497930526733,3.705812692642212,34.75508499145508,203.80894470214844,8.036534309387207,29.706218719482422,13.540472984313965,0.08629301190376282,36.019779205322266,0.0030375008936971426
2025-12,Middle_Ground,0.6863271594047546,3.0366461277008057,21.71923065185547,208.29440307617188,8.05093765258789,31.079837799072266,9.190816879272461,0.07788875699043274,19.684749603271484,0.0026867242995649576
2026-01,Middle_Ground,0.5835301280021667,2.7733774185180664,18.944751739501953,213.3163299560547,8.07785701751709,29.694787979125977,7.6506242752075195,0.07603958249092102,14.434454917907715,0.0022000838071107864
2026-02,Middle_Ground,0.5174926519393921,2.6004459857940674,16.899951934814453,212.2675323486328,8.071845054626465,31.273372650146484,6.63065242767334,0.10762318223714828,12.77684497833252,0.0021752689499408007
2026-03,Middle_Ground,0.44258150458335876,2.3072705268859863,17.130409240722656,209.78070068359375,8.049771308898926,34.390968322753906,3.837275981903076,0.09262319654226303,9.135424613952637,0.0026778026949614286
2026-04,Middle_Ground,0.35759997367858887,1.8722264766693115,20.255878448486328,201.2809600830078,8.01956558227539,39.25745391845703,1.7779123783111572,0.09353365004062653,5.56159782409668,0.0024587216321378946
2020-01,South_Patches,1.2460376024246216,5.117520809173584,41.625770568847656,214.60060119628906,8.113953590393066,24.570777893066406,13.684499740600586,0.16711002588272095,18.45340919494629,0.0034275290090590715
2020-02,South_Patches,1.0013062953948975,4.287266731262207,43.70561981201172,209.5186309814453,8.087446212768555,26.78888702392578,7.600740909576416,0.21324770152568817,10.646500587463379,0.0033442301210016012
2020-03,South_Patches,1.0010420083999634,4.464555740356445,46.548866271972656,205.414794921875,8.048155784606934,32.01141357421875,5.44978141784668,0.20926673710346222,8.961356163024902,0.003670299891382456
2020-04,South_Patches,0.9777643084526062,4.327886581420898,54.43926239013672,201.80189514160156,8.012073516845703,37.834346771240234,3.687896251678467,0.18191306293010712,8.488041877746582,0.0038176055531948805
2020-05,South_Patches,0.9546264410018921,4.498327255249023,51.938629150390625,205.740478515625,8.02132797241211,37.6924934387207,5.336806297302246,0.09059314429759979,9.612630844116211,0.0038053770549595356
2020-06,South_Patches,0.8619127869606018,3.8899078369140625,42.196861267089844,202.8146514892578,8.031553268432617,37.30475997924805,6.5081377029418945,0.015117977745831013,13.160679817199707,0.003998834639787674
2020-07,South_Patches,2.0631375312805176,7.459339618682861,103.19239807128906,213.64305114746094,8.06866455078125,31.662269592285156,21.690526962280273,0.06611443310976028,22.09437370300293,0.00589701347053051
2020-08,South_Patches,1.6184338331222534,5.779150485992432,67.51913452148438,210.49656677246094,8.064960479736328,33.069297790527344,15.954619407653809,0.04856612905859947,18.77115821838379,0.004536837339401245
2020-09,South_Patches,2.518449068069458,8.59023666381836,109.35626220703125,229.81883239746094,8.088171005249023,31.146621704101562,27.925994873046875,0.09461291879415512,27.13535499572754,0.004863227717578411
2020-10,South_Patches,1.2605172395706177,4.980522632598877,52.11736297607422,215.5086212158203,8.064116477966309,31.15604591369629,14.504070281982422,0.013625879772007465,42.947383880615234,0.0035706032067537308
2020-11,South_Patches,1.2981809377670288,5.104143142700195,46.82207489013672,214.37005615234375,8.074883460998535,29.37354850769043,17.075725555419922,0.022840704768896103,50.80721664428711,0.0036930034402757883
2020-12,South_Patches,1.2195566892623901,5.234604358673096,40.668087005615234,221.83895874023438,8.121325492858887,26.11933708190918,19.482162475585938,0.04017261043190956,47.63179397583008,0.0034189478028565645
2021-01,South_Patches,0.9168223738670349,4.304582118988037,29.75165367126465,225.1026153564453,8.118550300598145,26.74216651916504,14.556196212768555,0.04691517725586891,28.311954498291016,0.0035380590707063675
2021-02,South_Patches,0.7692538499832153,4.003520488739014,25.19813346862793,226.1336212158203,8.114747047424316,28.350990295410156,12.194753646850586,0.040396884083747864,19.639272689819336,0.0035304585471749306
2021-03,South_Patches,0.7226046323776245,3.933433771133423,26.06212615966797,219.67198181152344,8.070418357849121,33.66680908203125,7.536724090576172,0.03732245787978172,13.851410865783691,0.003944799769669771
2021-04,South_Patches,0.6862744092941284,3.900023937225342,29.743831634521484,212.8281707763672,8.04236888885498,37.02232360839844,7.183559894561768,0.023947959765791893,11.239683151245117,0.0043798331171274185
2021-05,South_Patches,0.8671308755874634,4.357152462005615,43.69357681274414,214.29733276367188,8.029170989990234,38.36265182495117,7.342767238616943,0.022251205518841743,10.151528358459473,0.004504083655774593
2021-06,South_Patches,1.0659250020980835,4.193060398101807,48.871986389160156,206.1199951171875,8.039037704467773,36.484493255615234,9.592026710510254,0.0235359538346529,12.801029205322266,0.004450422711670399
2021-07,South_Patches,1.979385256767273,6.848262786865234,81.164794921875,211.59561157226562,8.065018653869629,33.740169525146484,18.484586715698242,0.046835653483867645,16.734399795532227,0.005225609056651592
2021-08,South_Patches,2.517885684967041,8.730156898498535,115.10137176513672,218.15223693847656,8.106961250305176,28.2117919921875,32.78985595703125,0.0992332473397255,24.31854820251465,0.005386982578784227
2021-09,South_Patches,1.550806999206543,5.554597854614258,64.70692443847656,213.5853271484375,8.063577651977539,32.0758171081543,14.293558120727539,0.027277152985334396,29.369657516479492,0.003984180744737387
2021-10,South_Patches,2.3601179122924805,8.367997169494629,103.38990783691406,232.96400451660156,8.108180046081543,24.7695255279541,27.153831481933594,0.0631398856639862,63.69636535644531,0.003819248639047146
2021-11,South_Patches,2.2018823623657227,7.8755388259887695,78.38451385498047,220.9143829345703,8.122108459472656,24.527605056762695,26.14516830444336,0.04301018267869949,52.68272399902344,0.0034258889500051737
2021-12,South_Patches,1.4644774198532104,5.600101947784424,43.8951416015625,220.87147521972656,8.125465393066406,25.739866256713867,22.39394187927246,0.04522641375660896,35.966407775878906,0.00356270931661129
2022-01,South_Patches,1.022461175918579,4.55854606628418,29.988924026489258,226.5634307861328,8.12725830078125,26.44952964782715,17.469457626342773,0.03798772767186165,27.86358070373535,0.003456076607108116
2022-02,South_Patches,0.9227240085601807,4.530369281768799,26.02410125732422,227.9375457763672,8.12354564666748,28.258684158325195,11.996501922607422,0.03661174327135086,19.297996520996094,0.0032132018823176622
2022-03,South_Patches,0.7610312104225159,4.173410892486572,24.983348846435547,221.5478057861328,8.079712867736816,33.24429702758789,8.68346118927002,0.0397595651447773,13.967369079589844,0.00363144651055336
2022-04,South_Patches,0.6804729104042053,3.8340682983398438,28.777936935424805,213.3135528564453,8.04367733001709,37.618587493896484,8.060574531555176,0.018905678763985634,12.219032287597656,0.004185979720205069
2022-05,South_Patches,0.5105811357498169,2.847278118133545,22.679542541503906,207.23439025878906,8.026973724365234,38.802955627441406,6.274661540985107,0.01002171915024519,12.25496768951416,0.003749276278540492
2022-06,South_Patches,1.230293869972229,5.020891189575195,56.796592712402344,209.4896240234375,8.041743278503418,36.13362503051758,14.54478931427002,0.02568010427057743,18.156513214111328,0.0050765592604875565
2022-07,South_Patches,1.2084763050079346,4.902484893798828,56.745079040527344,211.99249267578125,8.039692878723145,36.113807678222656,14.788847923278809,0.028040854260325432,23.867847442626953,0.004903975874185562
2022-08,South_Patches,1.259911298751831,4.770116329193115,58.43510055541992,212.8756866455078,8.04336929321289,35.94301223754883,10.546116828918457,0.023178312927484512,20.73853302001953,0.004623396322131157
2022-09,South_Patches,1.992807149887085,7.289710521697998,98.21098327636719,223.31285095214844,8.072150230407715,30.875490188598633,22.28189468383789,0.05968635156750679,40.83375930786133,0.0048424676060676575
2022-10,South_Patches,2.522547960281372,8.63703441619873,105.53179168701172,234.6256561279297,8.11046028137207,25.371206283569336,26.582317352294922,0.050431061536073685,70.25193786621094,0.003399432171136141
2022-11,South_Patches,1.9783047437667847,7.310940742492676,71.91555786132812,222.9608917236328,8.120133399963379,25.16425895690918,27.251150131225586,0.0406804122030735,53.83230209350586,0.003581058932468295
2022-12,South_Patches,1.233298420906067,5.190929889678955,40.80113983154297,222.25877380371094,8.12521743774414,25.98124885559082,22.703903198242188,0.03952869027853012,36.27634048461914,0.0035479192156344652
2023-01,South_Patches,0.9536496996879578,4.420998573303223,31.550588607788086,224.98924255371094,8.126213073730469,26.359872817993164,17.500946044921875,0.03947373107075691,28.361024856567383,0.0035048534628003836
2023-02,South_Patches,0.715228259563446,3.826752185821533,24.584136962890625,225.9984893798828,8.107625961303711,29.27278709411621,11.983768463134766,0.02585740014910698,18.54107093811035,0.0035927172284573317
2023-03,South_Patches,0.6530318856239319,3.628838539123535,25.485074996948242,219.88552856445312,8.070244789123535,33.23372268676758,8.319106101989746,0.031504787504673004,13.395401954650879,0.004104635678231716
2023-04,South_Patches,0.6865041851997375,3.802356719970703,32.19023132324219,213.05886840820312,8.032373428344727,37.63490676879883,5.950197219848633,0.03705861046910286,9.382908821105957,0.004211215768009424
2023-05,South_Patches,0.7819569110870361,4.018026828765869,39.906883239746094,208.98411560058594,8.028264045715332,38.07709884643555,7.7323431968688965,0.03298543021082878,11.569401741027832,0.004229869693517685
2023-06,South_Patches,0.8668256998062134,3.740837335586548,47.84697341918945,207.96414184570312,8.03294849395752,37.22865676879883,10.405058860778809,0.0293880645185709,15.823563575744629,0.004434261936694384
2023-07,South_Patches,0.532630205154419,2.623378038406372,28.95355987548828,203.188720703125,8.025338172912598,38.14358139038086,4.627169132232666,0.014287061057984829,12.846895217895508,0.004358813166618347
2023-08,South_Patches,2.0922257900238037,7.22652006149292,97.21737670898438,213.56454467773438,8.055460929870605,33.41817092895508,18.1446533203125,0.06812511384487152,16.173202514648438,0.005633288063108921
2023-09,South_Patches,1.5065752267837524,5.505264759063721,65.43217468261719,209.94375610351562,8.045891761779785,33.70571517944336,10.824997901916504,0.04104037582874298,24.36829376220703,0.004221839364618063
2023-10,South_Patches,2.139965534210205,7.436622619628906,86.60053253173828,215.42567443847656,8.065006256103516,29.507375717163086,20.905521392822266,0.09432479739189148,44.01558303833008,0.004262808710336685
2023-11,South_Patches,2.4349422454833984,8.215350151062012,85.58834075927734,212.51284790039062,8.111845970153809,23.87232780456543,27.22196388244629,0.16123713552951813,54.2460823059082,0.0036466005258262157
2023-12,South_Patches,1.5222445726394653,5.717350482940674,45.943294525146484,212.4908447265625,8.117569923400879,23.340768814086914,20.37326431274414,0.14568006992340088,38.24973678588867,0.0033295289613306522
2024-01,South_Patches,1.4810247421264648,5.8206095695495605,43.446475982666016,214.13624572753906,8.109757423400879,23.9364013671875,13.975940704345703,0.17888686060905457,24.570913314819336,0.0034950205590575933
2024-02,South_Patches,1.2947509288787842,5.352055549621582,41.799224853515625,213.66444396972656,8.08635139465332,26.825645446777344,9.360220909118652,0.1855037808418274,16.022201538085938,0.0034569313284009695
2024-03,South_Patches,1.2050518989562988,5.235313892364502,43.04142379760742,204.76333618164062,8.03719711303711,32.626502990722656,5.9513750076293945,0.20753267407417297,12.500201225280762,0.0035659035202115774
2024-04,South_Patches,0.9558442234992981,4.523180961608887,41.5482292175293,199.74234008789062,8.003851890563965,38.705875396728516,4.732378005981445,0.1503160297870636,9.913020133972168,0.0038039730861783028
2024-05,South_Patches,1.1189301013946533,4.952116012573242,55.68186569213867,199.9474334716797,8.000423431396484,39.82733917236328,6.413433074951172,0.1023034006357193,11.114331245422363,0.004009786527603865
2024-06,South_Patches,1.2284739017486572,5.180560111999512,67.14110565185547,201.9371795654297,8.031617164611816,36.8560905456543,11.181790351867676,0.0340309776365757,17.830814361572266,0.004477580543607473
2024-07,South_Patches,1.3536055088043213,5.040024280548096,63.52949905395508,204.5915985107422,8.043732643127441,34.967735290527344,11.361942291259766,0.025982074439525604,18.384408950805664,0.004832131788134575
2024-08,South_Patches,3.048945188522339,9.604381561279297,136.46177673339844,209.99415588378906,8.085284233093262,28.40228843688965,28.720500946044922,0.14757601916790009,27.550397872924805,0.005763401743024588
2024-09,South_Patches,2.068941354751587,7.166118144989014,72.80341339111328,211.62918090820312,8.062990188598633,32.253849029541016,17.165857315063477,0.06261420994997025,29.152557373046875,0.004131677560508251
2024-10,South_Patches,2.6040735244750977,8.776799201965332,99.71021270751953,226.07534790039062,8.093893051147461,25.514936447143555,22.453786849975586,0.06713470816612244,58.684635162353516,0.003467964008450508
2024-11,South_Patches,1.767372965812683,6.622337341308594,65.91979217529297,225.50474548339844,8.114680290222168,23.898889541625977,22.791248321533203,0.028333839029073715,61.417640686035156,0.003102908842265606
2024-12,South_Patches,1.360612392425537,5.512208938598633,42.733272552490234,221.1900177001953,8.129984855651855,25.52854347229004,21.58488655090332,0.030081309378147125,43.21164321899414,0.003319995943456888
2025-01,South_Patches,1.0714616775512695,4.754915714263916,30.585046768188477,225.13278198242188,8.125350952148438,27.02691078186035,17.25113868713379,0.037693265825510025,27.98720359802246,0.003378995694220066
2025-02,South_Patches,0.7459266185760498,3.9551610946655273,23.723724365234375,228.22073364257812,8.104398727416992,30.06169319152832,12.198908805847168,0.02209036611020565,18.087961196899414,0.0034766150638461113
2025-03,South_Patches,0.6585028171539307,3.7596144676208496,25.245441436767578,219.56114196777344,8.061203002929688,34.64249801635742,7.8854475021362305,0.025298450142145157,13.42561149597168,0.004019135143607855
2025-04,South_Patches,0.6219390630722046,3.48561429977417,26.942420959472656,212.20257568359375,8.03154468536377,37.97415542602539,5.984258651733398,0.02322215959429741,11.582658767700195,0.004206757992506027
2025-05,South_Patches,0.5652895569801331,3.247016668319702,26.60865592956543,208.8812713623047,8.023686408996582,39.19875717163086,8.246147155761719,0.00982110109180212,14.055301666259766,0.004181381780654192
2025-06,South_Patches,0.9949536919593811,3.9272351264953613,44.79543685913086,205.15887451171875,8.027112007141113,37.38240432739258,8.372074127197266,0.015612428076565266,16.991254806518555,0.00459646200761199
2025-07,South_Patches,1.3352653980255127,4.863915920257568,57.752506256103516,207.78076171875,8.033062934875488,36.428466796875,8.702302932739258,0.02734851837158203,17.991838455200195,0.00493107782676816
2025-08,South_Patches,2.2516236305236816,7.691934585571289,100.48319244384766,215.18138122558594,8.06700611114502,31.274747848510742,17.405025482177734,0.05747367441654205,28.079069137573242,0.004973921459168196
2025-09,South_Patches,2.0049922466278076,7.053430557250977,87.02959442138672,220.99737548828125,8.088922500610352,27.98310661315918,19.699113845825195,0.0351673886179924,46.46141052246094,0.003798083635047078
2025-10,South_Patches,2.024043083190918,7.3909525871276855,84.39083862304688,225.21461486816406,8.082730293273926,26.819992065429688,21.508167266845703,0.03083985298871994,64.34575653076172,0.003456847509369254
2025-11,South_Patches,1.7645100355148315,6.662498474121094,67.73533630371094,224.09002685546875,8.08277702331543,27.41335105895996,21.829444885253906,0.026620756834745407,63.173160552978516,0.00375116104260087
2025-12,South_Patches,1.3239761590957642,5.312189102172852,42.38479232788086,222.66502380371094,8.115083694458008,25.84145164489746,19.897645950317383,0.0372527539730072,42.12873077392578,0.003415103768929839
2026-01,South_Patches,0.9788937568664551,4.589409828186035,30.137676239013672,226.71054077148438,8.124017715454102,26.5386962890625,16.314647674560547,0.027854273095726967,28.940061569213867,0.0032797863241285086
2026-02,South_Patches,0.7351938486099243,4.002735137939453,23.572072982788086,229.31748962402344,8.114734649658203,29.133153915405273,13.075155258178711,0.020687302574515343,20.691383361816406,0.003443791763857007
2026-03,South_Patches,0.6902365684509277,3.8152670860290527,23.537086486816406,222.73626708984375,8.07033634185791,34.27932357788086,8.915266036987305,0.02664986625313759,14.377148628234863,0.003964209463447332
2026-04,South_Patches,0.6835851073265076,3.694749355316162,29.60672950744629,212.78578186035156,8.037032127380371,37.66958236694336,6.12640380859375,0.030351368710398674,10.201972007751465,0.004270217381417751
2020-01,South_of_South_Patches,1.4765108823776245,5.4175028800964355,51.611976623535156,167.14285278320312,8.004044532775879,26.618865966796875,8.681685447692871,0.5089802742004395,30.886430740356445,0.00263970997184515
2020-02,South_of_South_Patches,0.9246936440467834,3.7077701091766357,40.7008171081543,167.02609252929688,8.008003234863281,26.6453800201416,5.751382827758789,0.547330379486084,16.103206634521484,0.0025789726059883833
2020-03,South_of_South_Patches,0.9560458064079285,3.9650864601135254,41.96644592285156,166.39588928222656,7.984699249267578,31.50244903564453,3.5947539806365967,0.5256801247596741,13.471756935119629,0.0025385122280567884
2020-04,South_of_South_Patches,0.6668516993522644,2.953113079071045,30.29563331604004,176.42225646972656,7.977878570556641,37.43726348876953,2.112065076828003,0.3788210153579712,10.205684661865234,0.0025831591337919235
2020-05,South_of_South_Patches,0.5824103355407715,2.7852234840393066,26.46420669555664,190.3577117919922,7.996496677398682,38.830440521240234,1.5299807786941528,0.18262247741222382,8.730470657348633,0.0024370804894715548
2020-06,South_of_South_Patches,0.275005578994751,1.6901087760925293,10.293142318725586,198.869140625,8.010771751403809,39.6578369140625,2.218240261077881,0.010562507435679436,10.394134521484375,0.003039481583982706
2020-07,South_of_South_Patches,0.4487278461456299,2.343156576156616,18.717683792114258,203.3576202392578,8.036104202270508,34.60041046142578,7.170970439910889,0.011303035542368889,12.734859466552734,0.0038558035157620907
2020-08,South_of_South_Patches,0.5501022934913635,2.4483141899108887,19.677841186523438,204.39010620117188,8.044387817382812,34.04597473144531,8.573138236999512,0.023058470338582993,15.09634780883789,0.003853051457554102
2020-09,South_of_South_Patches,0.5196442604064941,2.625507354736328,20.0583438873291,209.9942626953125,8.04221248626709,33.69955825805664,8.674460411071777,0.02051875926554203,13.602775573730469,0.003674268489703536
2020-10,South_of_South_Patches,0.32725995779037476,1.8258459568023682,11.885893821716309,203.92652893066406,8.005208015441895,40.04104232788086,3.9828052520751953,0.007133068051189184,18.516921997070312,0.003842006204649806
2020-11,South_of_South_Patches,0.5159884691238403,2.4254417419433594,19.991641998291016,205.0938720703125,8.023019790649414,36.086795806884766,6.077480792999268,0.03423528000712395,26.539636611938477,0.003479983424767852
2020-12,South_of_South_Patches,1.06564199924469,4.260659694671631,33.77098083496094,203.3876953125,8.054133415222168,28.69664764404297,9.39675521850586,0.11702114343643188,40.07220458984375,0.002656389959156513
2021-01,South_of_South_Patches,1.0807216167449951,4.049867153167725,29.24310302734375,203.72848510742188,8.06430721282959,28.079898834228516,8.746838569641113,0.15421068668365479,31.354158401489258,0.002848606323823333
2021-02,South_of_South_Patches,1.0289884805679321,3.919752597808838,28.783782958984375,205.37918090820312,8.069435119628906,28.786264419555664,8.013360977172852,0.1521357148885727,24.318275451660156,0.00272218300960958
2021-03,South_of_South_Patches,0.8306546211242676,3.5489985942840576,24.421907424926758,205.821044921875,8.051419258117676,33.458290100097656,5.335390090942383,0.12295061349868774,15.900862693786621,0.002770734252408147
2021-04,South_of_South_Patches,0.5730710029602051,2.8780860900878906,16.719799041748047,209.5596923828125,8.038952827453613,37.201812744140625,4.388101577758789,0.05236998200416565,12.925209045410156,0.003185475943610072
2021-05,South_of_South_Patches,0.5465767979621887,2.7253386974334717,18.592025756835938,207.85227966308594,8.026041984558105,38.633338928222656,4.263130187988281,0.034766294062137604,10.294468879699707,0.003211646107956767
2021-06,South_of_South_Patches,0.23129555583000183,1.4378660917282104,8.386225700378418,200.37547302246094,8.022723197937012,38.334754943847656,4.138779163360596,0.00335861137136817,12.068548202514648,0.0032685704063624144
2021-07,South_of_South_Patches,0.3946138322353363,2.0946788787841797,15.575325965881348,204.58456420898438,8.037479400634766,35.50245666503906,7.692803859710693,0.009926768951117992,13.798624992370605,0.0039781383238732815
2021-08,South_of_South_Patches,0.45857396721839905,2.322154998779297,17.744272232055664,206.4595947265625,8.051523208618164,32.775970458984375,10.511198043823242,0.015726730227470398,15.617781639099121,0.003818125929683447
2021-09,South_of_South_Patches,0.29638034105300903,1.7475796937942505,9.932082176208496,204.06927490234375,8.017936706542969,38.614322662353516,3.107112407684326,0.004351949319243431,15.921616554260254,0.003728616749867797
2021-10,South_of_South_Patches,0.3360605537891388,2.041944742202759,14.72154426574707,209.63673400878906,8.026118278503418,35.217308044433594,6.266883373260498,0.006149931810796261,23.413280487060547,0.0036702456418424845
2021-11,South_of_South_Patches,0.5539110898971558,2.735078811645508,22.492448806762695,207.4333038330078,8.026129722595215,35.25646209716797,5.741148471832275,0.0227959044277668,31.470901489257812,0.003196289762854576
2021-12,South_of_South_Patches,0.9853851199150085,3.725248336791992,28.159589767456055,206.33995056152344,8.055900573730469,29.58898162841797,10.673436164855957,0.08244841545820236,37.343196868896484,0.0029730075038969517
2022-01,South_of_South_Patches,1.0891964435577393,4.019072532653809,28.24715805053711,205.5948486328125,8.067440032958984,27.883459091186523,9.869546890258789,0.12931685149669647,34.08976745605469,0.0027313358150422573
2022-02,South_of_South_Patches,1.0236738920211792,4.218306064605713,30.896068572998047,209.17274475097656,8.083450317382812,28.09271240234375,7.628447532653809,0.1283709853887558,20.52977180480957,0.0025734789669513702
2022-03,South_of_South_Patches,0.7771767377853394,3.6499297618865967,23.696680068969727,208.19268798828125,8.060300827026367,33.0796012878418,6.052201271057129,0.1249125674366951,16.119029998779297,0.0026622270233929157
2022-04,South_of_South_Patches,0.5229131579399109,2.719785690307617,15.235286712646484,212.832275390625,8.042549133300781,38.012969970703125,5.450746536254883,0.03719986975193024,13.708577156066895,0.003038204973563552
2022-05,South_of_South_Patches,0.3607404828071594,2.048110008239746,10.617445945739746,208.55007934570312,8.02314281463623,39.63217544555664,5.018355846405029,0.013410331681370735,12.217805862426758,0.003183271735906601
2022-06,South_of_South_Patches,0.32454806566238403,1.9384770393371582,9.04953384399414,207.17335510253906,8.0147705078125,39.56272888183594,6.1328349113464355,0.003173063276335597,17.316789627075195,0.0036409751046448946
2022-07,South_of_South_Patches,0.2748550772666931,1.7897714376449585,8.745281219482422,205.81138610839844,8.018178939819336,38.391963958740234,5.361821174621582,0.0015165209770202637,17.64898109436035,0.004019194282591343
2022-08,South_of_South_Patches,0.21553052961826324,1.4043636322021484,8.68171501159668,203.7815704345703,8.025373458862305,37.33330535888672,3.3834545612335205,0.001494832569733262,14.139810562133789,0.004097993951290846
2022-09,South_of_South_Patches,0.21974025666713715,1.5269529819488525,9.274494171142578,203.5875244140625,8.019966125488281,38.12703323364258,3.3339178562164307,0.00406886450946331,13.982171058654785,0.003967855125665665
2022-10,South_of_South_Patches,0.3581642508506775,2.140531539916992,16.47382354736328,210.42723083496094,8.019190788269043,36.529747009277344,6.700187683105469,0.0076933992095291615,25.16812515258789,0.00392006104812026
2022-11,South_of_South_Patches,0.9261276721954346,3.9397497177124023,31.05004119873047,207.10687255859375,8.042988777160645,31.27788543701172,10.373579978942871,0.04986592382192612,41.016414642333984,0.0028647524304687977
2022-12,South_of_South_Patches,1.1285364627838135,4.184469223022461,32.70527648925781,202.7066650390625,8.051051139831543,29.032703399658203,10.747090339660645,0.10837846994400024,39.703121185302734,0.002714092843234539
2023-01,South_of_South_Patches,1.1464529037475586,4.129347801208496,33.916526794433594,203.64492797851562,8.064029693603516,28.202682495117188,9.522955894470215,0.1297709345817566,32.44200134277344,0.0026915129274129868
2023-02,South_of_South_Patches,0.8561919927597046,3.5628771781921387,24.452245712280273,211.8915557861328,8.076944351196289,29.109901428222656,8.2155122756958,0.08957504481077194,20.474811553955078,0.002701855031773448
2023-03,South_of_South_Patches,0.7346295118331909,3.2179758548736572,22.488845825195312,208.37924194335938,8.052756309509277,32.94578552246094,5.763406753540039,0.09623736888170242,15.084519386291504,0.0030694797169417143
2023-04,South_of_South_Patches,0.5416208505630493,2.6540210247039795,22.934415817260742,201.78585815429688,8.021890640258789,37.49772644042969,3.565990924835205,0.11031021922826767,9.964529991149902,0.0029952276963740587
2023-05,South_of_South_Patches,0.45699065923690796,2.3552634716033936,19.820085525512695,200.7027587890625,8.015850067138672,38.478492736816406,3.441464424133301,0.07175490260124207,10.484002113342285,0.003059097332879901
2023-06,South_of_South_Patches,0.3400958180427551,1.8347457647323608,13.014657020568848,202.4986114501953,8.019316673278809,37.503292083740234,4.297641754150391,0.02376485802233219,13.93896484375,0.003362972056493163
2023-07,South_of_South_Patches,0.20519398152828217,1.452956199645996,7.530263423919678,201.28469848632812,8.023634910583496,37.989349365234375,2.52152419090271,0.005897728726267815,11.258280754089355,0.0036692125722765923
2023-08,South_of_South_Patches,0.20965322852134705,1.377493143081665,8.435290336608887,201.65017700195312,8.028261184692383,36.68800735473633,3.095672369003296,0.004651862196624279,10.495880126953125,0.0039230287075042725
2023-09,South_of_South_Patches,0.2311002016067505,1.465167760848999,10.142593383789062,201.77049255371094,8.018497467041016,38.23402786254883,2.062713146209717,0.012910357676446438,12.468494415283203,0.003743095090612769
2023-10,South_of_South_Patches,0.34873297810554504,1.8319700956344604,13.628128051757812,198.84730529785156,8.01046085357666,37.957698822021484,2.9485113620758057,0.05436784401535988,16.202028274536133,0.0034036324359476566
2023-11,South_of_South_Patches,1.476264238357544,5.390631198883057,45.22245788574219,184.6210174560547,8.020988464355469,27.552419662475586,13.852770805358887,0.2685074508190155,55.5810546875,0.002561320085078478
2023-12,South_of_South_Patches,1.5866824388504028,5.354587554931641,42.12765121459961,169.15350341796875,8.006919860839844,24.914047241210938,13.195945739746094,0.4261321425437927,62.92647171020508,0.0026076326612383127
2024-01,South_of_South_Patches,1.7647022008895874,5.969513893127441,52.853309631347656,163.2886505126953,7.9921793937683105,25.435197830200195,8.372735977172852,0.5624337792396545,49.52730178833008,0.0026529068127274513
2024-02,South_of_South_Patches,1.4219818115234375,5.160799980163574,44.11970138549805,168.91014099121094,7.99756383895874,26.97940444946289,6.645910263061523,0.5441374182701111,27.296003341674805,0.0025945191737264395
2024-03,South_of_South_Patches,1.1946711540222168,4.777315616607666,39.22924041748047,167.76809692382812,7.972500801086426,32.06343078613281,3.847855567932129,0.5363190174102783,20.432022094726562,0.0025873819831758738
2024-04,South_of_South_Patches,0.8986130952835083,3.922266721725464,30.01982307434082,175.07037353515625,7.965606689453125,38.60560989379883,3.042829751968384,0.38449329137802124,14.208700180053711,0.002615844365209341
2024-05,South_of_South_Patches,0.7887923121452332,3.319516897201538,27.50126838684082,182.64859008789062,7.9722819328308105,40.731422424316406,2.200205087661743,0.2354944497346878,11.950361251831055,0.002747700549662113
2024-06,South_of_South_Patches,0.33879387378692627,1.8688268661499023,16.472097396850586,196.8189239501953,8.004547119140625,39.215965270996094,3.0565452575683594,0.023754525929689407,13.239981651306152,0.0032114002387970686
2024-07,South_of_South_Patches,0.2713276147842407,1.5425355434417725,10.61696720123291,199.64230346679688,8.01961898803711,37.35067367553711,2.0654678344726562,0.009367658756673336,11.368717193603516,0.0037077348679304123
2024-08,South_of_South_Patches,0.6449390649795532,2.632106304168701,23.271419525146484,204.90951538085938,8.058021545410156,31.5167236328125,10.391576766967773,0.03231951594352722,10.646981239318848,0.003785347333177924
2024-09,South_of_South_Patches,0.4763679504394531,2.2591567039489746,15.778751373291016,203.7622833251953,8.023327827453613,36.22681427001953,5.291141510009766,0.03464043140411377,15.806046485900879,0.003714816877618432
2024-10,South_of_South_Patches,0.40106910467147827,2.176276683807373,15.24371337890625,206.94334411621094,8.019501686096191,35.168495178222656,4.425370216369629,0.021581940352916718,21.03502082824707,0.003495499026030302
2024-11,South_of_South_Patches,0.6282766461372375,3.0438175201416016,25.815933227539062,211.4479217529297,8.038359642028809,29.92204475402832,8.575016021728516,0.025685667991638184,39.3502311706543,0.0029657576233148575
2024-12,South_of_South_Patches,0.9500111937522888,3.738471746444702,29.73485565185547,202.26455688476562,8.039591789245605,31.853912353515625,6.431239604949951,0.080463707447052,34.96262741088867,0.002567034913226962
2025-01,South_of_South_Patches,1.1222559213638306,4.292392730712891,29.679231643676758,206.0354766845703,8.072169303894043,27.64592742919922,10.736069679260254,0.11443990468978882,31.549657821655273,0.0027450243942439556
2025-02,South_of_South_Patches,0.8027464747428894,3.480234146118164,25.019317626953125,213.06007385253906,8.079357147216797,29.129222869873047,7.940042972564697,0.07757361233234406,19.17658042907715,0.0025822531897574663
2025-03,South_of_South_Patches,0.6523275971412659,3.1376864910125732,20.261764526367188,209.92466735839844,8.051576614379883,34.41758346557617,5.754230499267578,0.07526861131191254,14.95334529876709,0.002851848490536213
2025-04,South_of_South_Patches,0.5527850985527039,2.674339771270752,16.761016845703125,207.447021484375,8.026631355285645,38.219791412353516,3.807431936264038,0.05438302829861641,12.598052024841309,0.003229930065572262
2025-05,South_of_South_Patches,0.35182127356529236,2.0996413230895996,11.092830657958984,208.88018798828125,8.018033981323242,39.94113540649414,4.700260639190674,0.009944613091647625,14.875813484191895,0.003508689347654581
2025-06,South_of_South_Patches,0.2551039457321167,1.5233715772628784,8.507716178894043,200.587158203125,8.008896827697754,39.48307418823242,3.51888370513916,0.002740333089604974,16.141191482543945,0.00372859975323081
2025-07,South_of_South_Patches,0.2511822283267975,1.4497421979904175,8.829340934753418,201.88980102539062,8.027965545654297,37.30283737182617,1.847979187965393,0.003386185970157385,11.269396781921387,0.003716724691912532
2025-08,South_of_South_Patches,0.20500178635120392,1.3949769735336304,8.596638679504395,201.88504028320312,8.023093223571777,37.925724029541016,1.6925686597824097,0.00302416761405766,9.93893051147461,0.003984099254012108
2025-09,South_of_South_Patches,0.24786365032196045,1.6475880146026611,11.793511390686035,204.63853454589844,8.018903732299805,37.268470764160156,4.306410312652588,0.00535006495192647,14.913219451904297,0.0039910199120640755
2025-10,South_of_South_Patches,0.28285157680511475,1.8160791397094727,13.634634971618652,205.87413024902344,8.00505542755127,38.359893798828125,5.069992542266846,0.007665206212550402,20.6751766204834,0.004001642111688852
2025-11,South_of_South_Patches,0.4123219847679138,2.270040988922119,16.931316375732422,207.70474243164062,8.0090913772583,38.87947082519531,5.549285888671875,0.012671130709350109,28.621599197387695,0.0034770064521580935
2025-12,South_of_South_Patches,0.990729033946991,3.9157629013061523,28.754600524902344,207.23367309570312,8.063419342041016,27.13673973083496,11.48237419128418,0.08137445896863937,42.366554260253906,0.0026987972669303417
2026-01,South_of_South_Patches,0.9471379518508911,3.7234065532684326,25.431520462036133,208.6326904296875,8.070978164672852,28.530357360839844,8.935940742492676,0.09739986062049866,30.331222534179688,0.0026083565317094326
2026-02,South_of_South_Patches,0.7801500558853149,3.3954572677612305,21.916183471679688,215.12423706054688,8.084113121032715,29.703554153442383,8.01041316986084,0.0703592523932457,21.623428344726562,0.00252622552216053
2026-03,South_of_South_Patches,0.6419616937637329,3.0873522758483887,17.16851043701172,213.7266387939453,8.059185981750488,34.32479476928711,6.481101989746094,0.07203540951013565,15.288344383239746,0.0028171942103654146
2026-04,South_of_South_Patches,0.6892359256744385,3.108743667602539,19.780555725097656,205.2110137939453,8.02918815612793,37.68488311767578,4.1381731033325195,0.08781503885984421,11.969599723815918,0.0031516938470304012
